ticker,entry_date,exit_date,entry_price,exit_price,shares,pnl,mod_type,pct_return
AMD,2007-10-19,2007-10-22,14.497244771003722,13.593200381278992,555,-502.744636297225,Zhan Module A (Keltner Breakout),-0.062359738281644386
COP,2007-10-19,2007-10-23,66.86570679473877,63.537791475296025,207,-689.8784711246483,Zhan Module B (EMA Breakout),-0.04977013597805261
UNH,2007-10-24,2007-10-29,49.274625,47.926025762557984,292,-394.7909773330688,Zhan Module B (EMA Breakout),-0.027369041112784043
JPM,2007-10-29,2007-11-02,47.413694389343256,44.427775762557985,349,-1043.0856007480595,Zhan Module B (EMA Breakout),-0.06297586942426465
GS,2007-10-19,2007-11-05,226.2630688934326,219.89000000000001,51,-326.02651356506203,Zhan Module B (EMA Breakout),-0.028166633311396624
MRK,2007-10-19,2007-11-05,50.70282134628295,52.45467461204529,190,331.8521204948437,Zhan Module B (EMA Breakout),0.03455139614022218
CRM,2007-10-24,2007-11-08,13.414204017162323,12.68115625,953,-699.5945221056929,Zhan Module B (EMA Breakout),-0.05464713122183399
MCD,2007-10-19,2007-11-12,56.37817347335815,58.51073091506958,295,628.1044453048709,Zhan Module B (EMA Breakout),0.037825940613687666
AMD,2007-11-07,2007-11-12,13.146570343494414,12.313839694976807,864,-720.4792803192128,Zhan Module B (EMA Breakout),-0.06334204486493197
COP,2007-11-07,2007-11-13,64.53185307312012,60.551008178710944,211,-840.9582727203357,Zhan Module B (EMA Breakout),-0.06168806108664717
COST,2007-10-23,2007-12-14,67.08352805328369,68.215875,245,276.42500194549615,Zhan Module B (EMA Breakout),0.016879657042141557
AAPL,2007-12-07,2007-12-18,6.808402328252792,6.531732347488403,2422,-671.0946934113498,Zhan Module B (EMA Breakout),-0.04063654987254394
GOOGL,2007-12-07,2007-12-18,17.90158929634094,16.862435154914856,767,-798.0312264738071,Zhan Module B (EMA Breakout),-0.0580481500398675
NKE,2007-12-26,2007-12-31,16.700845410346982,15.994499283790589,821,-580.9101699027992,Zhan Module B (EMA Breakout),-0.04229403417618476
NVDA,2007-12-26,2008-01-02,0.8966981345415115,0.8525734852254391,12748,-563.5010294812911,Zhan Module B (EMA Breakout),-0.049207919160703585
UNH,2007-11-07,2008-01-03,49.774874999999994,56.721625,328,2277.534000000003,Zhan Module B (EMA Breakout),0.1395633841370774
COP,2007-12-07,2008-01-07,63.68526147079467,65.71692673492431,149,301.7181243553168,Zhan Module B (EMA Breakout),0.03190165537847939
AAPL,2007-12-26,2008-01-07,7.111053826332092,6.46997754240036,2314,-1484.4505210180266,Zhan Module B (EMA Breakout),-0.09015207866348003
CVX,2007-12-07,2008-01-09,90.73534744262695,90.83455725479126,126,11.500436332704083,Zhan Module B (EMA Breakout),0.001093397611411029
COP,2009-06-02,2009-06-04,36.60948974990845,35.02617169570923,222,-352.49660803222633,Zhan Module A (Keltner Breakout),-0.043248842445371076
UNH,2009-06-02,2009-06-09,27.733859313011166,25.96700954246521,202,-357.9036536502832,Zhan Module B (EMA Breakout),-0.06370731713191644
COST,2009-06-02,2009-06-10,49.54476045799255,46.5667051525116,283,-843.789651451109,Zhan Module B (EMA Breakout),-0.060108380340358085
WMT,2009-06-02,2009-06-12,16.80172972011566,16.441775762557985,580,-209.77329538345145,Zhan Module B (EMA Breakout),-0.021423625040624512
JNJ,2009-06-02,2009-06-16,56.07802423667908,54.592688932418824,208,-309.94974328613273,Zhan Module B (EMA Breakout),-0.02648694073085294
BAC,2009-06-09,2009-06-17,12.146070343494415,12.553720419406892,1027,417.6566279621135,Zhan Module B (EMA Breakout),0.03356230158265294
CVX,2009-06-12,2009-06-17,71.22559744262695,69.40528244018554,237,-432.41465557861284,Zhan Module A (Keltner Breakout),-0.02555703381649679
GS,2009-06-04,2009-06-18,144.7223188934326,139.89002671051026,115,-556.7136010360696,Zhan Module B (EMA Breakout),-0.03339009642652727
NVDA,2009-06-10,2009-06-23,0.2856427399814129,0.2661168892979622,49526,-968.0372809485792,Zhan Module B (EMA Breakout),-0.06835759482184377
AMZN,2009-06-16,2009-06-23,4.187092442750931,3.946525668025017,4041,-973.1303366674182,Zhan Module B (EMA Breakout),-0.057454373891936555
PFE,2009-06-18,2009-07-06,13.8968880944252,13.655407955169679,1197,-290.05172668885973,Zhan Module B (EMA Breakout),-0.017376562120579555
GS,2009-06-25,2009-07-06,141.64079232788086,142.58867366027832,114,107.05847189331018,Zhan Module B (EMA Breakout),0.006692149322373389
BAC,2009-06-26,2009-07-07,12.346170152664184,12.143924618721009,1016,-206.48146248626625,Zhan Module B (EMA Breakout),-0.016381236565051943
MSFT,2009-06-02,2009-07-08,21.370680610656738,22.298844466209413,788,730.3931181755082,Zhan Module B (EMA Breakout),0.04343164695886362
AMZN,2009-07-16,2009-07-27,4.223110694646835,4.3098437979221345,2712,234.2201760826113,Zhan Module B (EMA Breakout),0.020537729069058264
CRM,2009-07-16,2009-07-30,9.829912309169769,10.927033635616302,971,1064.304807979584,Zhan Module B (EMA Breakout),0.11161048969105156
COP,2009-07-27,2009-07-30,34.48156474685669,33.11371440124512,503,-689.0287238426207,Zhan Module B (EMA Breakout),-0.039669033457545286
ORLY,2009-06-19,2009-08-04,2.4999163352251053,2.60602927839756,5533,586.1229145731924,Zhan Module B (EMA Breakout),0.04244659778300134
JNJ,2009-06-19,2009-08-07,56.328149236679074,59.93001908493042,294,1057.949735385896,Zhan Module B (EMA Breakout),0.06394440252451834
WMT,2009-07-30,2009-08-07,16.52492474555969,16.421785305023196,876,-91.35014990996956,Zhan Module B (EMA Breakout),-0.006241446912743666
AAPL,2009-07-16,2009-08-18,5.208317082881927,5.7696137881278995,3167,1776.6266655139943,Zhan Module B (EMA Breakout),0.10776930365679445
COST,2009-08-04,2009-08-18,49.624798473358155,47.516230915069585,356,-751.6500507507309,Zhan Module B (EMA Breakout),-0.042490198915781735
COP,2009-08-07,2009-08-18,34.10021343040466,32.33653818130493,520,-918.1111295318578,Zhan Module B (EMA Breakout),-0.05172035807632767
UNH,2009-08-19,2009-08-31,27.763875,27.956014313697818,629,119.85562831592809,Zhan Module B (EMA Breakout),0.0069204789928574055
MA,2009-07-16,2009-09-02,17.157574667930604,19.990000000000002,801,2267.7726909875882,Zhan Module B (EMA Breakout),0.16508308352948703
BAC,2009-07-30,2009-09-02,13.87693488550186,16.14192461872101,1140,2581.0882958698303,Zhan Module B (EMA Breakout),0.16321974210497536
PFE,2009-08-07,2009-09-02,15.102424681663512,15.504577702999116,978,392.30565486622044,Zhan Module B (EMA Breakout),0.026628374569804977
NKE,2009-08-20,2009-09-02,14.207099809169769,13.523234733104706,1235,-845.5733689403523,Zhan Module B (EMA Breakout),-0.04813544532316664
NFLX,2009-08-20,2009-09-02,0.6384620744884014,0.5952731960117817,22903,-990.1548837500204,Zhan Module B (EMA Breakout),-0.0676451745567297
WMT,2009-09-03,2009-09-15,17.058524236679077,16.8315801525116,998,-227.49019599914294,Zhan Module B (EMA Breakout),-0.013303852139770972
HD,2009-08-31,2009-09-24,27.513749999999998,27.02648091506958,649,-317.2376361198411,Zhan Module B (EMA Breakout),-0.01771002080524893
CRM,2009-09-04,2009-09-25,13.081537309169768,14.01798711872101,1307,1222.939901083473,Zhan Module B (EMA Breakout),0.0715856085885883
MA,2009-09-04,2009-09-25,20.355171813011168,21.424281966209413,700,747.3771072387718,Zhan Module B (EMA Breakout),0.05252277716048866
BAC,2009-09-04,2009-09-28,17.07853469467163,16.70164408493042,579,-219.21966304016053,Zhan Module B (EMA Breakout),-0.022068088186675452
JNJ,2009-09-25,2009-10-02,60.60028469467163,59.79008969497681,245,-199.49777492523143,Zhan Module B (EMA Breakout),-0.013369491641448671
JPM,2009-09-29,2009-10-02,44.91244438934326,40.79958969497681,398,-1637.9161683578461,Zhan Module B (EMA Breakout),-0.09157494654961015
CVX,2009-09-29,2009-10-02,71.53575,68.18589122009277,208,-697.7706262207023,Zhan Module B (EMA Breakout),-0.04682775786802015
AMZN,2009-09-15,2009-10-05,4.210604158401489,4.431283063173295,4154,915.7001704220796,Zhan Module B (EMA Breakout),0.052410270942111974
BAC,2009-10-06,2009-10-19,17.218604084014892,17.26136545753479,581,23.844358015060838,Zhan Module B (EMA Breakout),0.0024834401970828886
COP,2009-10-06,2009-10-27,36.93745058441162,39.16347960090638,325,722.4594303607957,Zhan Module A (Keltner Breakout),0.06026482557066857
AAPL,2009-09-04,2009-10-28,5.977273222446441,7.057540383577347,1986,2144.4105820059794,Zhan Module B (EMA Breakout),0.1807290918330755
COST,2009-10-06,2009-10-28,57.04851045799255,57.02147423744202,303,-9.191974826809954,Zhan Module B (EMA Breakout),-0.00047391632723585165
CRM,2009-10-06,2009-10-28,14.249621555328368,14.692649809360505,1012,447.34459308052317,Zhan Module B (EMA Breakout),0.031090527724680222
GS,2009-10-21,2009-10-29,185.2925969467163,174.48272232055666,97,-1049.5578387374837,Zhan Module B (EMA Breakout),-0.05833948470843749
MA,2009-10-30,2009-11-19,22.57928479385376,22.56571116447449,781,-11.601004545209594,Zhan Module B (EMA Breakout),-0.0006011540889445925
NKE,2009-10-30,2009-11-20,15.845418368339537,15.8270825381279,928,-18.015650436398914,Zhan Module B (EMA Breakout),-0.001157169207237423
CVX,2009-10-30,2009-11-23,78.289125,78.70062786483766,156,63.19444691467464,Zhan Module A (Keltner Breakout),0.005256194456607581
BAC,2009-11-23,2009-11-30,16.28814068698883,15.842075381278992,1114,-497.9167505607584,Zhan Module B (EMA Breakout),-0.027385894699826573
MCD,2009-09-25,2009-12-03,56.508239542007445,62.59868606758118,315,1917.4906555557257,Zhan Module B (EMA Breakout),0.10777979591889743
COP,2009-11-19,2009-12-04,40.57551825141906,38.599648040771484,449,-888.1657245807626,Zhan Module B (EMA Breakout),-0.0486961176541097
PFE,2009-10-28,2009-12-08,16.336437910079955,17.116673892974855,902,702.7728565712006,Zhan Module B (EMA Breakout),0.047760471847628265
LLY,2009-10-28,2009-12-09,34.17707984733581,36.481750000000005,517,1190.5144689273882,Zhan Module B (EMA Breakout),0.06743320854089437
XOM,2009-12-03,2009-12-09,75.61779183197021,72.96350000000001,201,-534.5126582260099,Zhan Module B (EMA Breakout),-0.03510141948958629
NVDA,2009-12-03,2009-12-14,0.34717350286245346,0.39155413286387925,52676,2336.7940659551045,Zhan Module B (EMA Breakout),0.12783415103833234
WMT,2009-12-14,2009-12-17,18.2024293384552,17.691150762557985,832,-426.383775146483,Zhan Module B (EMA Breakout),-0.0280884801907769
